item_name,store_name,category,OOS_days,Avg_NS_Percentage,Avg_Margin_Percentage,avg_loss_sale_quantity,avg_loss_net_sale,avg_loss_mergin,total_loss_sale_quantity,total_loss_net_sale,total_loss_mergin
AULS471842-Yowie 28g,AULS.TSV101,confectionary,7,0.014345127706064893,0.010838422679635076,0.0,0.0,0.0,0.0,0.0,0.0
AULS473530-RRD Nuts Sw Chilli&Basil 150g,AULS.TSV101,confectionary,7,0.04458465691044969,0.03326924526879289,0.3333333333333333,1.2722222222222221,0.5655555555555556,2.333333333333333,8.905555555555555,3.958888888888889
AULS483767-PL Sweet Dept Choc Hnycmb 115g,AULS.TSV101,confectionary,7,0.03841625199684179,0.03977229887657393,0.21428571428571427,0.6971428571428572,0.43142857142857144,1.5,4.88,3.02
AULS494641-Ironman Energy Bar Choc 60g,AULS.TSV101,confectionary,7,0.06331939369457044,0.06210887431199577,0.23076923076923078,0.7269230769230769,0.4338461538461538,1.6153846153846154,5.088461538461538,3.0369230769230766
NZLS167267-Whitt Wellintn RS Drk Chc 100g,NZLS.AKL101,confectionary,7,0.2849428550038235,0.292936365858331,2.909090909090909,14.70935354643528,7.1028441297229,20.363636363636363,102.96547482504695,49.719908908060304
NZLS178495-Mentos Roll Fruit Fusion 37.5g,NZLS.AKL102,confectionary,7,0.00229684971312019,0.002415075091929833,0.10526315789473684,0.1684133537354082,0.09623620213451894,0.7368421052631579,1.1788934761478573,0.6736534149416327
NZLS180792-Cookie+Protein Choc Chip 113G,NZLS.AKL102,confectionary,7,0.005952121970857177,0.006267119863557918,0.05263157894736842,0.2295233420908277,0.13617422602034432,0.3684210526315789,1.606663394635794,0.9532195821424102
NZLS182394-ME OTG Nut & Seed Natural 50g,NZLS.AKL102,confectionary,7,0.005230254918162261,0.0062188183617193195,0.058823529411764705,0.1344476353349897,0.08389532444903358,0.4117647058823529,0.941133447344928,0.5872672711432351
NZLS134982-Whitt 50% Dark Chunks 50g,NZLS.AKL103,confectionary,7,0.034538559538899234,0.042702279705890536,1.1428571428571428,3.280829611054515,2.2464279183972,8.0,22.965807277381607,15.7249954287804
NZLS167918-Pringles Tex BBQ 134g,NZLS.AKL103,confectionary,7,0.03607849531451894,0.03598441080551104,0.7,4.460596087036022,2.463887365149021,4.8999999999999995,31.22417260925215,17.247211556043148
NZLS171874-DL BB'S Choc Orange Balls180G,NZLS.AKL103,confectionary,7,0.005803875591306222,0.006460837394625846,0.0,0.0,0.0,0.0,0.0,0.0
NZLS172325-Whitt Ital Pied Hazeln 100g,NZLS.AKL103,confectionary,7,0.013108865047922413,0.014241882068804536,0.15384615384615385,0.9845703756839246,0.6062140455996737,1.076923076923077,6.891992629787472,4.243498319197716
NZLS170994-Milk Choc Akl Hrbour by Night,NZLS.AKL104,confectionary,7,0.2861431654001313,0.30414083983088747,0.0,0.0,0.0,0.0,0.0,0.0
NZLS143419-Jack Links Beef Jerky Sweet n,NZLS.AKL201,confectionary,7,0.06689297931142191,0.0770533719116393,0.23809523809523808,1.0814199514144656,0.6678334160506404,1.6666666666666665,7.569939659901259,4.674833912354483
NZLS144109-DC Russian Fudge 200g,NZLS.AKL202,confectionary,7,0.06933755901472047,0.08708339497701753,0.11764705882352941,0.9346799608488485,0.6120056360448731,0.8235294117647058,6.54275972594194,4.284039452314111
NZLS162602-TNCC Party Mix 240g,NZLS.AKL202,confectionary,7,0.2406468101132301,0.26925961258857567,0.5454545454545454,3.4708023737096685,2.0246347179973068,3.818181818181818,24.29561661596768,14.172443025981147
NZLS108031-SB grainwave sourcrem chiv 40g,NZLS.AKL202,confectionary,7,0.12199899624109044,0.12748764150413988,1.0476190476190477,1.8302292575468657,0.9969612273506951,7.333333333333334,12.811604802828061,6.978728591454866
NZLS185728-Magnum Doub Dipped Class 85ml,NZLS.AKL202,confectionary,7,0.14729244412102876,0.13396660527805976,1.0,3.894679100383982,1.8467727189614185,7.0,27.262753702687874,12.92740903272993
AULS494626-HL ESPRESSO HEMP ENR BALL,AULS.AVV103,confectionary,7,0.044761411367680214,0.007691346274023449,0.4,0.6360000000000001,0.016000000000000104,2.8000000000000003,4.452000000000001,0.11200000000000074
AULS434298-Kit Kat Caramel Chunky 55g,AULS.BNK101,confectionary,7,0.17091976537870934,0.16920172407651482,0.3,0.945,0.5700000000000001,2.1,6.614999999999999,3.99
AULS487109-CAD Twirl Bites Bag 109g,AULS.BNK101,confectionary,7,0.09115720820197834,0.08676359084224293,0.0625,0.3675,0.213125,0.4375,2.5725,1.491875
AULS500131-RRD Popcorn Chilli & CNut 80g,AULS.BNK101,confectionary,7,0.11844235895631199,0.11907730356061494,0.2,0.7639999999999999,0.46799999999999997,1.4000000000000001,5.347999999999999,3.276
AULS501836-Eclipse Mint Peppermint 17g,AULS.BNK101,confectionary,7,0.1258837637074939,0.1302726056047753,0.25,0.8125,0.5125,1.75,5.6875,3.5874999999999995
AULS501837-Eclipse Mints Spearmint 17g,AULS.BNK101,confectionary,7,0.05038451133612749,0.05215992997847448,0.5,1.625,1.025,3.5,11.375,7.174999999999999
AULS503878-Nutri Grain To-Go Bar Orig Nut,AULS.BNK101,confectionary,7,0.022401728886370535,0.01882846252881519,0.0,0.0,0.0,0.0,0.0,0.0
AULS100229-Golden Rough 20g,AULS.BNK101,confectionary,7,0.05007445280482823,0.05623094890362373,0.2727272727272727,0.4563636363636363,0.3172727272727273,1.909090909090909,3.1945454545454544,2.220909090909091
AULS488166-Bounty King Size 85.5g,AULS.BNK101,confectionary,7,0.05596556489951392,0.055467632855158246,0.5,1.805,1.09,3.5,12.635,7.630000000000001
AULS501836-Eclipse Mint Peppermint 17g,AULS.CNS102,confectionary,7,0.014356157267506452,0.014612265321672983,0.0,0.0,0.0,0.0,0.0,0.0
AULS193412-Calippo Rasp Pineapple 100ml,AULS.CNS201,confectionary,7,0.01026342724728628,-0.0028547509836401373,1.0,1.4299999999999997,0.039999999999999925,7.0,10.009999999999998,0.27999999999999947
AULS471804-M&M Hazelnut Choc Block 155g,AULS.CNS201,confectionary,7,0.027448199339906384,0.020661260244095484,0.0,0.0,0.0,0.0,0.0,0.0
AULS475458-Haribo Goldbears 150g,AULS.CNS201,confectionary,7,0.11382485806391658,0.10441251722663797,1.4285714285714286,5.801428571428572,3.2157142857142857,10.0,40.61,22.51
AULS482252-Golden Sanga 120ml,AULS.CNS201,confectionary,7,0.06658290617567232,-0.12660820612444013,12.5,13.84999999999999,-15.775000000000015,87.5,96.94999999999993,-110.4250000000001
AULS500134-Nobby's Loaded Buffalo Wings,AULS.CNS201,confectionary,7,0.0819564852246537,0.0816815625194034,0.3157894736842105,1.7147368421052631,1.0326315789473683,2.2105263157894735,12.003157894736841,7.228421052631578
AULS193410-Calippo Lemon 100ml,AULS.CNS201,confectionary,7,0.006145119255202919,-0.004567601573824221,0.6666666666666666,0.6333333333333331,-0.29333333333333345,4.666666666666666,4.433333333333332,-2.053333333333334
AULS418018-Whitt M/Slab Dark P/Mint 180g,AULS.CNS201,confectionary,7,0.029690628822506743,0.02166042308836953,0.0625,0.453125,0.2125,0.4375,3.171875,1.4875
AULS399314-JCs Outback Mix 150g,AULS.MEL101,confectionary,7,4.504888642087936,4.2481028341334985,0.45454545454545453,3.43,2.0663636363636364,3.1818181818181817,24.01,14.464545454545455
AULS471842-Yowie 28g,AULS.MEL102,confectionary,7,0.07090375701282471,0.05367323269213265,0.0,0.0,0.0,0.0,0.0,0.0
AULS471804-M&M Hazelnut Choc Block 155g,AULS.MEL102,confectionary,7,0.02254739473007826,0.016860395921767763,0.0,0.0,0.0,0.0,0.0,0.0
AULS100220-FMan Friend Strong Mint 25g,AULS.MEL102,confectionary,7,0.07678876884488917,0.0777095064629573,0.3333333333333333,1.2033333333333334,0.7400000000000001,2.333333333333333,8.423333333333334,5.180000000000001
AULS100285-Violet Crumble Bar 50g,AULS.MEL102,confectionary,7,0.10050607556567905,0.10542122986378667,0.35,1.1025,0.7034999999999999,2.4499999999999997,7.7175,4.924499999999999
AULS399793-PIR Pot Grill Sea Salt 75g,AULS.MEL102,confectionary,7,0.11216974359428869,0.1035543348136255,0.5,1.9599999999999997,1.0924999999999996,3.5,13.719999999999999,7.647499999999997
AULS427393-Haribo Mega Roulette 45g,AULS.MEL102,confectionary,7,0.13549707965150803,0.168428937806725,1.2727272727272727,2.861818181818182,2.161818181818182,8.909090909090908,20.03272727272727,15.132727272727275
AULS488165-Bounty Bar 57g,AULS.MEL102,confectionary,7,0.022334683459039786,0.022869464364473915,0.16666666666666666,0.525,0.32666666666666666,1.1666666666666665,3.6750000000000003,2.2866666666666666
AULS492363-TIC TAC Gum Freshmint 23.3g,AULS.MEL102,confectionary,7,0.07037197883522854,0.061199153363094734,0.21052631578947367,0.6647368421052631,0.3363157894736842,1.4736842105263157,4.653157894736841,2.3542105263157893
AULS500177-Extra Soft Chew Gum P/Mint 22g,AULS.MEL102,confectionary,7,0.03839438442244458,0.042180160039578175,2.0,7.22,4.82,14.0,50.54,33.74
AULS503877-Bear Naked Choc Chip Bar,AULS.MEL102,confectionary,7,0.03991881519822032,0.00939281572112322,0.4,0.9010000000000001,0.12900000000000006,2.8000000000000003,6.307000000000001,0.9030000000000005
AULS504591-HL PROBIOTIC Mixed Berry Balls,AULS.MEL102,confectionary,7,0.035487330384918775,0.03127049209019904,0.2222222222222222,0.7066666666666668,0.36222222222222233,1.5555555555555554,4.946666666666667,2.5355555555555562
AULS418013-Whitt Almond Slab 45g,AULS.MEL102,confectionary,7,0.009572007196731337,0.010734646538426535,0.0,0.0,0.0,0.0,0.0,0.0
AULS488167-M&M Fruit&Nut Choc Block 155g,AULS.MEL102,confectionary,7,0.01127369736503913,-0.0016918736392085296,0.0,0.0,0.0,0.0,0.0,0.0
AULS405153-Shapes BBQ 70g,AULS.MEL102,confectionary,7,0.044704818796585985,0.04393037414910423,0.10526315789473684,0.33157894736842103,0.19894736842105262,0.7368421052631579,2.3210526315789473,1.3926315789473684
AULS505071-NB Nut Butter Bar Peanut & Car,AULS.MEL102,confectionary,7,0.048285458525733634,0.04655569531339333,0.4,1.816,1.064,2.8000000000000003,12.712,7.448
AULS473530-RRD Nuts Sw Chilli&Basil 150g,AULS.MEL104,confectionary,7,0.08531133363411048,0.06451509093792836,0.4444444444444444,1.7950000000000002,0.8294444444444444,3.1111111111111107,12.565000000000001,5.806111111111111
AULS100285-Violet Crumble Bar 50g,AULS.MEL104,confectionary,7,0.09602212469751391,0.1001822819493365,0.9230769230769231,2.9092307692307693,1.8569230769230765,6.461538461538462,20.364615384615384,12.998461538461536
AULS500177-Extra Soft Chew Gum P/Mint 22g,AULS.MEL104,confectionary,7,0.06766313741804311,0.06922729769883407,0.6666666666666666,2.4066666666666667,1.6066666666666667,4.666666666666666,16.846666666666668,11.246666666666666
AULS126943-Fruchocs Milk 150g,AULS.MEL104,confectionary,7,0.05943668738903961,0.058385391086343726,0.5,3.17,1.905,3.5,22.189999999999998,13.335
AULS316316-Boost King Size 77g,AULS.MEL104,confectionary,7,0.04992119248369652,0.048731113820097906,0.3,1.047,0.6179999999999999,2.1,7.329,4.325999999999999
AULS449772-Munch Cashew Raspberry 140g,AULS.MEL104,confectionary,7,0.1146312452759435,0.10991318046372713,0.4166666666666667,3.3966666666666665,1.9925000000000004,2.916666666666667,23.776666666666664,13.947500000000003
AULS483768-PL Sweet Dept Choc Peanuts,AULS.MEL104,confectionary,7,0.07462397975027685,0.04980381129412523,0.5238095238095238,1.3971428571428572,0.5747619047619048,3.666666666666667,9.780000000000001,4.023333333333333
AULS484480-Be Kind Hny Rstd Nut&SSalt 40g,AULS.MEL104,confectionary,7,0.11437343630067558,0.10650353492128316,1.2,4.516,2.5759999999999996,8.4,31.612000000000002,18.031999999999996
AULS494625-HL CHOC CHERRY COLL BALL,AULS.MEL104,confectionary,7,0.11981086196087165,0.11864800275223523,0.5789473684210527,2.2626315789473685,1.3652631578947367,4.052631578947368,15.83842105263158,9.556842105263158
AULS497160-Cherry Ripe Ganache 47g,AULS.MEL104,confectionary,7,0.01183577568275434,0.01076528536434553,0.14285714285714285,0.3728571428571429,0.21285714285714288,1.0,2.6100000000000003,1.4900000000000002
AULS500137-OTEP Pea & Pinto Sticks Onion,AULS.MEL104,confectionary,7,0.052968025827771895,0.046930514488694924,0.23529411764705882,1.0635294117647058,0.5764705882352942,1.6470588235294117,7.444705882352941,4.03529411764706
AULS503876-Bear Naked Peanut Butter Bar,AULS.MEL104,confectionary,7,0.03178081549666313,0.02976735490425792,0.08333333333333333,0.37666666666666665,0.21583333333333332,0.5833333333333333,2.6366666666666667,1.5108333333333333
AULS502420-Violet Crumble Bag 100g,AULS.MEL104,confectionary,7,0.2416607585443168,0.2397478854451043,0.6818181818181818,3.700454545454545,2.2454545454545447,4.7727272727272725,25.903181818181817,15.718181818181813
AULS316315-Picnic King Size 67g,AULS.MEL104,confectionary,7,0.02538246547410485,0.02505514814335223,0.11764705882352941,0.42470588235294116,0.2564705882352941,0.8235294117647058,2.972941176470588,1.795294117647059
AULS491351-Cookie+Prot. Pnut Btr 113g,AULS.MEL104,confectionary,7,0.031921438574082,0.03149133298751611,1.0,4.54,2.74,7.0,31.78,19.18
AULS504592-HL COLLAGEN Choc SeaSalt Balls,AULS.MEL104,confectionary,7,0.12002179657699993,0.1189927983688869,0.9166666666666666,3.59,2.169166666666667,6.416666666666666,25.13,15.184166666666668
AULS500133-Sunbites W/Grain Chd&Must 90g,AULS.MEL104,confectionary,7,0.010593605165554376,0.0095393453940286,0.0,0.0,0.0,0.0,0.0,0.0
AULS399793-PIR Pot Grill Sea Salt 75g,AULS.MEL105,confectionary,7,0.1334166628012861,0.11639861862824023,0.4,1.458,0.7659999999999999,2.8000000000000003,10.206,5.361999999999999
AULS316315-Picnic King Size 67g,AULS.MEL105,confectionary,7,0.044065338766024045,0.045423851171996196,0.0,0.0,0.0,0.0,0.0,0.0
AULS128392-Lindor Assorted Gift Box 150g,AULS.MEL105,confectionary,7,0.665374408901931,0.5706371303482023,0.14285714285714285,2.595714285714286,1.3400000000000003,1.0,18.17,9.380000000000003
AULS404686-Bounce Ball Cnut Macadamia 40G,AULS.MEL105,confectionary,7,0.2327772881629026,0.19406529273035872,0.21052631578947367,0.8115789473684211,0.41157894736842104,1.4736842105263157,5.681052631578948,2.8810526315789473
AULS436251-Go Nat Bkd Muesli Yog Apri 90g,AULS.MEL105,confectionary,7,0.2094629399515159,0.2133298724684821,0.14285714285714285,0.6238095238095237,0.38666666666666655,1.0,4.366666666666666,2.7066666666666657
AULS484479-Be Kind Crml Almnd & SSalt 40g,AULS.MEL105,confectionary,7,0.0551732219452711,0.05110183256849572,0.0,0.0,0.0,0.0,0.0,0.0
AULS500129-Smiths Crinkle Mac n Chees 80g,AULS.MEL105,confectionary,7,0.044065338766024045,0.04643777642137111,0.0,0.0,0.0,0.0,0.0,0.0
AULS473137-Arnott Bites TimTam Gift Box,AULS.MEL105,confectionary,7,0.1330504688503219,0.10950392693249084,0.0,0.0,0.0,0.0,0.0,0.0
AULS399793-PIR Pot Grill Sea Salt 75g,AULS.MEL110,confectionary,7,0.14630031872569432,0.13359073988090872,0.35714285714285715,1.3900000000000001,0.7707142857142858,2.5,9.73,5.3950000000000005
AULS488165-Bounty Bar 57g,AULS.MEL110,confectionary,7,0.05511142958799542,0.05386394923551885,0.0,0.0,0.0,0.0,0.0,0.0
AULS500177-Extra Soft Chew Gum P/Mint 22g,AULS.MEL110,confectionary,7,0.2694613013264064,0.2944698321155397,0.6,2.166,1.4460000000000002,4.2,15.161999999999999,10.122000000000002
AULS126943-Fruchocs Milk 150g,AULS.MEL110,confectionary,7,0.07887279087762772,0.07758852422961314,0.05263157894736842,0.3336842105263158,0.2005263157894737,0.3684210526315789,2.3357894736842106,1.4036842105263159
AULS399795-PIR Pot Grill S/C&S/Chilli 75g,AULS.MEL110,confectionary,7,0.050508443369584946,0.047245505567638436,0.1,0.40599999999999997,0.23199999999999993,0.7000000000000001,2.8419999999999996,1.6239999999999994
AULS458072-M&Ms Crispy 145g,AULS.MEL110,confectionary,7,0.09019364887425883,0.08695616757492076,0.16666666666666666,1.2083333333333333,0.7116666666666666,1.1666666666666665,8.458333333333332,4.981666666666666
AULS484478-Be Kind Drk Choc Nuts&Salt 40g,AULS.MEL110,confectionary,7,0.11246214976873099,0.11892834160129677,0.42857142857142855,1.937142857142857,1.2514285714285711,3.0,13.559999999999999,8.759999999999998
AULS500178-Extra Soft Chew Gum S/Mint 22g,AULS.MEL110,confectionary,7,0.0898204337754688,0.09815661070517989,0.2,0.722,0.48200000000000004,1.4000000000000001,5.054,3.374
AULS216587-Go Nat Almond Cashew 45g,AULS.MEL110,confectionary,7,0.29191640977027355,0.29742267621351703,0.5454545454545454,1.969090909090909,1.2254545454545456,3.818181818181818,13.783636363636363,8.578181818181818
AULS495819-Allens Frogs Alive 64g,AULS.MEL110,confectionary,7,0.03918758537295384,0.03909972874563182,0.047619047619047616,0.15,0.09142857142857143,0.3333333333333333,1.05,0.64
AULS473530-RRD Nuts Sw Chilli&Basil 150g,AULS.MEL111,confectionary,7,0.04284483413340037,0.032587961904501916,0.3333333333333333,1.3633333333333333,0.6366666666666666,2.333333333333333,9.543333333333333,4.456666666666666
AULS399793-PIR Pot Grill Sea Salt 75g,AULS.MEL111,confectionary,7,0.2250663230699528,0.20354679870194128,0.5,1.9454999999999998,1.0764999999999998,3.5,13.6185,7.535499999999999
AULS427393-Haribo Mega Roulette 45g,AULS.MEL111,confectionary,7,0.16488452060139902,0.2028643282955643,1.0833333333333333,2.4358333333333335,1.8399999999999999,7.583333333333333,17.050833333333333,12.879999999999999
AULS126943-Fruchocs Milk 150g,AULS.MEL111,confectionary,7,0.09962209599233192,0.09750795931111436,0.2222222222222222,1.4088888888888889,0.8466666666666667,1.5555555555555554,9.862222222222222,5.926666666666667
AULS316316-Boost King Size 77g,AULS.MEL111,confectionary,7,0.047244548151989155,0.04035106277704033,0.13333333333333333,0.48133333333333334,0.2906666666666667,0.9333333333333333,3.3693333333333335,2.034666666666667
AULS100297-Parkers Pretzels 75g,AULS.MEL111,confectionary,7,0.09904594296608815,0.11712898349445322,2.0,6.305,4.585000000000001,14.0,44.135,32.095000000000006
AULS470776-Chupa Chup Bbbl Gum Filld,AULS.MEL111,confectionary,7,0.004609224209950162,0.004521366442247648,0.0,0.0,0.0,0.0,0.0,0.0
AULS487109-CAD Twirl Bites Bag 109g,AULS.MEL904,confectionary,7,0.08235665530014098,0.08732980292147641,0.36363636363636365,2.138181818181818,1.24,2.5454545454545454,14.967272727272727,8.68
AULS430598-Extra Peppermint 10p,AULS.MEL904,confectionary,7,0.26746304245093405,0.2862163863490969,3.875,5.605625,3.280625,27.125,39.239374999999995,22.964375
AULS463276-FMan Friend Peppermint 25g,AULS.MEL904,confectionary,7,0.007899515916544135,0.00732443508373673,0.09090909090909091,0.25636363636363635,0.13,0.6363636363636364,1.7945454545454544,0.91
AULS478546-TNCC Rainbow Grdn Friends 180g,AULS.MEL904,confectionary,7,0.09770748764860267,0.10039085849037757,0.4666666666666667,2.034666666666667,1.1433333333333333,3.2666666666666666,14.242666666666668,8.003333333333334
AULS492768-M&M'S Caramel 40g,AULS.MEL904,confectionary,7,0.05706139688652626,0.06166867021551766,0.42857142857142855,1.247142857142857,0.7371428571428572,3.0,8.73,5.16
AULS502391-RRD PC STEAK & CHIMICHURRI 80G,AULS.MEL904,confectionary,7,0.15244384970862832,0.16042049428156252,0.7777777777777778,2.8216666666666668,1.6238888888888887,5.444444444444445,19.75166666666667,11.367222222222221
AULS176246-Go Nat Almond/Apricot 40g,AULS.MEL904,confectionary,7,0.009944426065153078,0.01121714184152688,0.0,0.0,0.0,0.0,0.0,0.0
AULS477714-AB Lo Carb Whip'd Chocolate,AULS.MEL904,confectionary,7,0.011373061922400422,0.011524460796089262,0.09090909090909091,0.3690909090909091,0.20454545454545456,0.6363636363636364,2.5836363636363635,1.4318181818181819
AULS495828-TNCC Snakes Reduced Sugar 260g,AULS.MEL904,confectionary,7,0.0280124677891636,0.02694162834996867,0.07692307692307693,0.38461538461538464,0.2023076923076923,0.5384615384615385,2.6923076923076925,1.416153846153846
AULS503878-Nutri Grain To-Go Bar Orig Nut,AULS.OOL101,confectionary,7,0.0034584490341011704,0.003508626436543302,0.0,0.0,0.0,0.0,0.0,0.0
AULS495528-Patons Lucky 8 White QLD 88g,AULS.OOL101,confectionary,7,0.06960008928738229,0.0728039985582735,0.6666666666666666,5.381666666666667,3.3816666666666664,4.666666666666666,37.67166666666667,23.671666666666663
AULS495822-Toblerone Gift Pouch 120g,AULS.OOL101,confectionary,7,0.009570611038966951,0.009983637042164121,0.0,0.0,0.0,0.0,0.0,0.0
AULS502396-RRD MIXED NUT BAL VINEGAR & CH,AULS.OOL103,confectionary,7,0.04421313520641747,0.04861818016074385,0.0,0.0,0.0,0.0,0.0,0.0
AULS505784-PEZ Toy Story 4  Dispenser17g,AULS.SYD201,confectionary,7,0.05635293644616813,0.05194823042750782,0.9166666666666666,4.1433333333333335,2.3099999999999996,6.416666666666666,29.003333333333334,16.169999999999998
AULS507864-Go Nat Probiotic Chips Rsmry&S,AULS.SYD201,confectionary,7,0.031501125240557114,0.02863680559611624,4.0,24.0,13.079999999999995,28.0,168.0,91.55999999999996
AULS167586-Tim Tam Classic Dark 200g,AULS.SYD201,confectionary,7,0.04675298930821472,0.028138624814900065,0.35,1.75,0.637,2.4499999999999997,12.25,4.459
AULS505074-NB Nut Butter Ball D Cherry Ch,AULS.SYD201,confectionary,7,0.04147509629297625,0.039304745773193754,0.5,2.495,1.4300000000000002,3.5,17.465,10.010000000000002
AULS500126-Doritos Mexican Jalapeno 150g,AULS.SYD201,confectionary,7,0.00981812775472509,0.00864085975695649,0.0,0.0,0.0,0.0,0.0,0.0
AULS463392-PEZ Trolls Dispenser 17g,AULS.SYD201,confectionary,7,0.028176468223084065,0.026077187099522767,0.4,1.8079999999999998,1.0119999999999998,2.8000000000000003,12.655999999999999,7.083999999999999
AULS491351-Cookie+Prot. Pnut Btr 113g,AULS.SYD203,confectionary,7,0.03203785152191792,0.031765316911205516,0.8,3.632,2.192,5.6000000000000005,25.424,15.344000000000001
AULS181945-Nobbys Porky Bits SpicyBBQ 25g,AULS.SYD203,confectionary,7,0.08898619112145041,0.09935356420767562,1.1875,3.74375,2.5443749999999996,8.3125,26.20625,17.810624999999998
AULS100258-Mint Pattie 20g,AULS.SYD203,confectionary,7,0.002526332785208505,0.002991040789449278,0.0,0.0,0.0,0.0,0.0,0.0
AULS491352-Cookie+Prot. Oatml Raisin 113g,AULS.SYD203,confectionary,7,0.0384454218263015,0.038118380293446615,0.29411764705882354,1.335294117647059,0.8058823529411765,2.058823529411765,9.347058823529412,5.641176470588236
AULS100285-Violet Crumble Bar 50g,AULS.SYD204,confectionary,7,0.04415325618583615,0.046343590766078024,0.3333333333333333,1.05,0.6699999999999999,2.333333333333333,7.3500000000000005,4.6899999999999995
AULS491351-Cookie+Prot. Pnut Btr 113g,AULS.SYD204,confectionary,7,0.06361339502329726,0.06324129537264635,0.23809523809523808,1.0804761904761904,0.6519047619047621,1.6666666666666665,7.563333333333333,4.563333333333334
AULS481878-BD Paleo Cacao Mint 45g,AULS.SYD204,confectionary,7,0.12510089252653572,0.11235626365961943,0.8461538461538461,3.8053846153846154,2.087692307692308,5.923076923076923,26.63769230769231,14.613846153846158
AULS481879-BD Paleo Lamington 45g,AULS.SYD204,confectionary,7,0.12512425403774516,0.1123947550140763,1.0,4.449,2.419,7.0,31.143,16.933
AULS100285-Violet Crumble Bar 50g,AULS.SYD208,confectionary,7,0.00811115422754646,0.00857530482862189,0.0,0.0,0.0,0.0,0.0,0.0
AULS100198-CAD Caramello 55g,AULS.SYD208,confectionary,7,0.014188082474216187,0.013950869049549048,0.1,0.236,0.12399999999999997,0.7000000000000001,1.652,0.8679999999999998
AULS316322-Europe Summer Roll 40g,AULS.SYD208,confectionary,7,0.20898453241513354,0.22091009155524458,1.25,3.900500000000001,2.4880000000000004,8.75,27.303500000000007,17.416000000000004
AULS494640-Ironman Energy Bar Caramel 60g,AULS.SYD208,confectionary,7,0.031672126031371886,0.030802836250074662,0.2857142857142857,0.8557142857142858,0.4928571428571428,2.0,5.99,3.4499999999999997
AULS487813-Cheetos Puffs 90g,AULS.SYD215,confectionary,7,0.19820609543717504,0.22928028015150162,0.46153846153846156,1.5184615384615383,1.0292307692307692,3.230769230769231,10.629230769230768,7.204615384615384
AULS494641-Ironman Energy Bar Choc 60g,AULS.SYD301,confectionary,7,0.020446526189815444,0.01943626931796159,0.2727272727272727,0.8027272727272727,0.4563636363636363,1.909090909090909,5.619090909090909,3.1945454545454544
AULS494626-HL ESPRESSO HEMP ENR BALL,AULS.SYD301,confectionary,7,0.02078787053355193,0.02121088521221026,0.4,1.6239999999999999,1.004,2.8000000000000003,11.367999999999999,7.0280000000000005
AULS100285-Violet Crumble Bar 50g,AULS.SYD301,confectionary,7,0.13390938604782301,0.1403918351894501,1.3333333333333333,4.183888888888889,2.657222222222222,9.333333333333332,29.287222222222226,18.60055555555555
AULS176248-Go Nat Macadamia/Apricot 40g,AULS.SYD301,confectionary,7,0.024645061617774206,0.025238981607092155,0.5,1.805,1.12,3.5,12.635,7.840000000000001
AULS486120-TNCC Sour Patch Max 170g,AULS.SYD301,confectionary,7,0.03085752867377823,0.029407920533263618,1.0,4.52,2.6099999999999994,7.0,31.639999999999997,18.269999999999996
AULS488445-Kinder Chocobons 46g,AULS.SYD301,confectionary,7,0.00614419818725673,0.0025915025757282132,0.1111111111111111,0.20000000000000007,0.051111111111111135,0.7777777777777777,1.4000000000000004,0.35777777777777797
AULS502401-Smiths Crinkle Sthn F Chkn 80g,AULS.SYD301,confectionary,7,0.017749905874297214,0.01814051803009749,0.5,1.805,1.145,3.5,12.635,8.015
AULS498769-Kit Kat Red Velvet KS 65g,AULS.SYD301,confectionary,7,0.033246939079933625,0.02135172774349984,0.5,1.3525,0.5025000000000001,3.5,9.467500000000001,3.5175000000000005
AULS503880-Nutri Grain Pot,AULS.SYD301,confectionary,7,0.0062295342731908485,0.005436521707777661,0.0,0.0,0.0,0.0,0.0,0.0
AULS503881-Coco Pops Pot,AULS.SYD301,confectionary,7,0.020804937750738755,0.019802459899314496,0.125,0.508125,0.2931250000000001,0.875,3.5568750000000002,2.051875000000001
AULS483774-PL Snack Dept Lemn Slted Almod,AULS.SYD301,confectionary,7,0.018569132299264778,0.015323667404305952,0.2857142857142857,0.7771428571428572,0.3885714285714286,2.0,5.44,2.72
AULS493425-Territory Jerky Hot,AULS.SYD301,confectionary,7,0.03686518912354037,0.03549231788497335,0.10526315789473684,0.7578947368421053,0.4421052631578948,0.7368421052631579,5.305263157894737,3.0947368421052635
AULS502420-Violet Crumble Bag 100g,AULS.SYD302,confectionary,7,0.040630807630211256,0.040468618425893374,0.15384615384615385,0.8353846153846154,0.5076923076923077,1.076923076923077,5.8476923076923075,3.5538461538461537
AULS484479-Be Kind Crml Almnd & SSalt 40g,AULS.SYD302,confectionary,7,0.022547728727876595,0.023872397132042145,0.2,0.9039999999999999,0.5839999999999999,1.4000000000000001,6.327999999999999,4.087999999999999
AULS316322-Europe Summer Roll 40g,AULS.SYD302,confectionary,7,0.07861774441401223,0.082654087330461,0.6,1.891333333333333,1.2133333333333334,4.2,13.239333333333331,8.493333333333334
AULS502401-Smiths Crinkle Sthn F Chkn 80g,AULS.SYD302,confectionary,7,0.032798963802165626,0.032170507778967766,0.42857142857142855,1.4242857142857144,0.8585714285714285,3.0,9.97,6.01
AULS495826-CAD Oreo Bites 110g,AULS.SYD302,confectionary,7,0.050807216171111315,0.05260920395366139,0.14285714285714285,0.97,0.6128571428571429,1.0,6.79,4.29
AULS491353-Cookie+Prot. Choc Chip 113g,AULS.SYD302,confectionary,7,0.033971246158592844,0.03360121651119632,0.2222222222222222,1.008888888888889,0.6088888888888889,1.5555555555555554,7.062222222222223,4.262222222222222
AULS346148-DL Mlk Choc Peanut Clstrs 135g,AULS.SYD302,confectionary,7,0.0552219816410606,0.037770710530833806,0.2857142857142857,1.2914285714285714,0.5542857142857142,2.0,9.04,3.879999999999999
AULS484477-Be Kind Pnut Bttr Drk Choc 40g,AULS.SYD302,confectionary,7,0.04509545745575319,0.04774479426408429,0.15789473684210525,0.7136842105263157,0.46105263157894727,1.1052631578947367,4.99578947368421,3.2273684210526308
AULS493426-Territory Jerky Flamin Hot,AULS.SYD302,confectionary,7,0.12570857609347133,0.12017953350719852,0.3157894736842105,2.2736842105263158,1.3263157894736841,2.2105263157894735,15.91578947368421,9.284210526315789
AULS502928-Harry Potter Choc Creature 15g,AULS.SYD305,confectionary,7,3.079671230398752,3.166710285265637,0.125,1.135,0.655,0.875,7.945,4.585
AULS502929-Harry Potter Choc Crests 28g,AULS.SYD305,confectionary,7,2.054244723067009,2.071547923419162,0.0,0.0,0.0,0.0,0.0,0.0
AULS488165-Bounty Bar 57g,AULS.SYD307,confectionary,7,0.054490988702570485,0.055199288195014545,0.0,0.0,0.0,0.0,0.0,0.0
AULS504591-HL PROBIOTIC Mixed Berry Balls,AULS.SYD307,confectionary,7,0.0748674836319581,0.07849870445863258,0.047619047619047616,0.1933333333333333,0.11952380952380952,0.3333333333333333,1.353333333333333,0.8366666666666667
AULS491352-Cookie+Prot. Oatml Raisin 113g,AULS.SYD307,confectionary,7,0.15886289938160564,0.144331283297446,0.1,0.40800000000000003,0.20800000000000002,0.7000000000000001,2.8560000000000003,1.4560000000000002
AULS421976-SS Mintabolism Boost 40g,AULS.SYD307,confectionary,7,0.10446411201355725,0.10320546801334161,0.07692307692307693,0.3123076923076923,0.19153846153846152,0.5384615384615385,2.186153846153846,1.3407692307692307
AULS443456-Malteasers Teaser Bar 35g,AULS.SYD307,confectionary,7,0.1325855190428026,0.13182152959885912,0.21052631578947367,0.5957894736842105,0.3452631578947369,1.4736842105263157,4.170526315789473,2.416842105263158
AULS483771-PL Snack Dept Butter Salt Popc,AULS.SYD307,confectionary,7,0.05015752598003104,0.05316645321899419,0.05263157894736842,0.14315789473684212,0.08947368421052633,0.3684210526315789,1.0021052631578948,0.6263157894736843
AULS486981-RRD Popcorn Maple&Sltd Car 96g,AULS.SYD307,confectionary,7,0.22128320285307812,0.23143044342385705,0.19047619047619047,0.9047619047619048,0.5542857142857143,1.3333333333333333,6.333333333333333,3.88
AULS498033-Crunchie Bites Bag 135g,AULS.SYD307,confectionary,7,0.06260470614051668,0.06755266997236908,0.0,0.0,0.0,0.0,0.0,0.0
AULS434297-Kit Kat Chunky KS 70g,AULS.SYD307,confectionary,7,0.0965347972446553,0.09335403697570448,0.10526315789473684,0.36105263157894735,0.2031578947368421,0.7368421052631579,2.5273684210526315,1.4221052631578948
AULS502150-DL W.Choc Liq Bullets 250g,AULS.SYD307,confectionary,7,0.048774505962199295,0.03221261577386118,0.0,0.0,0.0,0.0,0.0,0.0
AULS481879-BD Paleo Lamington 45g,AULS.SYD310,confectionary,7,0.18109639649767223,0.1416229917677846,0.9166666666666666,4.159166666666667,1.9616666666666667,6.416666666666666,29.114166666666666,13.731666666666667
AULS493426-Territory Jerky Flamin Hot,AULS.SYD310,confectionary,7,0.1676264165928867,0.16207535842634754,0.2857142857142857,2.0571428571428574,1.2000000000000002,2.0,14.400000000000002,8.400000000000002
AULS345836-Werthers Chewy Toffee 45g,AULS.SYD310,confectionary,7,0.1196666362899219,0.12425777479353312,0.75,1.6865,1.0565000000000002,5.25,11.8055,7.395500000000002
AULS483772-PL Snack Dept Caramel Popcorn,AULS.SYD310,confectionary,7,0.00904650502247325,0.00915119370706588,0.0,0.0,0.0,0.0,0.0,0.0
AULS500138-OTEP Pea&Pinto Stick Hrb&Glc,AULS.SYD310,confectionary,7,0.030066325515866976,0.027012559737724588,0.1111111111111111,0.5022222222222221,0.27222222222222225,0.7777777777777777,3.515555555555555,1.905555555555556
AULS209657-Nobbys Cashews 150g,AULS.SYD310,confectionary,7,0.1131478312001985,0.12238343391377264,0.09523809523809523,1.08,0.7047619047619048,0.6666666666666666,7.5600000000000005,4.933333333333334
AULS498425-Bounce Bar Van Nut Butter 50g,AULS.SYD310,confectionary,7,0.018059750835305054,0.01708957860958086,0.0,0.0,0.0,0.0,0.0,0.0
AULS442496-Nutella & Go 48g,AULS.SYD310,confectionary,7,0.07087537574592095,0.032635582377006034,0.875,2.1574999999999998,0.66125,6.125,15.1025,4.62875
AULS500178-Extra Soft Chew Gum S/Mint 22g,AULS.SYD801,confectionary,7,0.23008600704318227,0.2421623350255943,0.5384615384615384,1.420769230769231,0.7746153846153846,3.769230769230769,9.945384615384617,5.422307692307692
AULS500115-Allens Sherbies Sour Fizz 150g,AULS.SYD801,confectionary,7,0.12196411268655659,0.11676811115482612,0.09090909090909091,0.3390909090909091,0.16818181818181818,0.6363636363636364,2.373636363636364,1.1772727272727272
AULS507343-Kind D Choc Nuts & SSalt 40g,AULS.SYD801,confectionary,7,0.5009357121603343,0.47717130828674875,0.5,1.9344999999999999,0.9645000000000001,3.5,13.5415,6.751500000000001
AULS418752-Bounce Protein Cacao Mint 42g,AULS.SYD801,confectionary,7,0.11869429733302962,0.09909509973679834,0.18181818181818182,0.66,0.2854545454545454,1.2727272727272727,4.62,1.9981818181818178
AULS500111-Hershey's Cookie&C Crunch 184g,AULS.SYD901,confectionary,7,0.017665864585837354,0.018220025022167696,0.0,0.0,0.0,0.0,0.0,0.0
AULS500139-OTEP Legume&Nut Lemon&C'Nut,AULS.SYD901,confectionary,7,0.22100755253643883,0.2349978338414696,1.2105263157894737,5.142631578947368,2.9273684210526314,8.473684210526315,35.99842105263158,20.49157894736842
AULS500140-OTEP Nut&Veggie Sw Chilli 70g,AULS.SYD901,confectionary,7,0.03684904269438466,0.0391932982699074,0.42857142857142855,1.8214285714285714,1.0371428571428571,3.0,12.75,7.26
AULS502439-Tic Tac Mixer Berry Lemon 24g,AULS.SYD901,confectionary,7,0.010772926011240691,0.010324680845895029,0.16666666666666666,0.35833333333333334,0.15666666666666665,1.1666666666666665,2.5083333333333333,1.0966666666666665
AULS504205-NG Banana Honey Protein Sqzer,AULS.SYD901,confectionary,7,0.009840861990147434,0.009555390900514613,0.0,0.0,0.0,0.0,0.0,0.0
AULS501837-Eclipse Mints Spearmint 17g,AULS.SYD903,confectionary,7,0.05962992749612405,0.06174234475633968,0.2,0.546,0.306,1.4000000000000001,3.822,2.142
AULS492768-M&M'S Caramel 40g,AULS.SYD903,confectionary,7,0.011882300570656222,0.012348468951267939,0.0,0.0,0.0,0.0,0.0,0.0
AULS486120-TNCC Sour Patch Max 170g,AULS.SYD903,confectionary,7,0.035734271569105844,0.03518910106374392,0.1111111111111111,0.45444444444444443,0.24222222222222223,0.7777777777777777,3.181111111111111,1.6955555555555555
AULS100203-Chupa Chup 12g,AULS.SYD903,confectionary,7,0.11100340349278477,0.13559103162176556,1.8181818181818181,1.1263636363636362,0.7445454545454545,12.727272727272727,7.884545454545454,5.211818181818182
AULS458086-Pods Twix 160g,AULS.SYD903,confectionary,7,0.025424628426918828,0.02421268421817243,0.0,0.0,0.0,0.0,0.0,0.0
AULS488168-CAD Coco Rough 45g,AULS.SYD903,confectionary,7,0.12450204642047878,0.12154767477522556,1.5,3.57,1.89,10.5,24.99,13.229999999999999
AULS500108-CAD Old Jamaica Rum&Rai 180g,AULS.SYD903,confectionary,7,0.03167157321222706,0.030346564220109434,0.0,0.0,0.0,0.0,0.0,0.0
AULS502397-RRD GLAZED NUT VAN CRANBERRY&H,AULS.SYD903,confectionary,7,0.11078497884994183,0.13429968846346305,0.14285714285714285,0.9057142857142857,0.5942857142857143,1.0,6.34,4.16
AULS505073-NB Nut Butter BallSalted Caram,AULS.SYD903,confectionary,7,0.07928814535198912,0.0777227163403335,0.5,2.0425,0.9775000000000003,3.5,14.2975,6.842500000000002
AULS505127-SS Love Bites Dark Choc Mint,AULS.SYD903,confectionary,7,0.18924311055912776,0.17626834110829523,1.0,3.61,1.82,7.0,25.27,12.74
AULS492364-TIC TAC Gum Tropical 23.3g,AULS.SYD909,confectionary,7,0.04183145725585641,0.03149666004167476,0.2,0.528,0.21600000000000003,1.4000000000000001,3.696,1.5120000000000002
AULS504412-Protein Balls - Coconut,AULS.SYD909,confectionary,7,0.0646486157590508,0.02930939198322513,0.3333333333333333,0.9066666666666667,0.22333333333333347,2.333333333333333,6.346666666666668,1.5633333333333344
AULS501836-Eclipse Mint Peppermint 17g,AULS.SYD912,confectionary,7,0.050119883824679544,0.05254265227066678,0.26666666666666666,0.728,0.40800000000000003,1.8666666666666667,5.096,2.8560000000000003
AULS501837-Eclipse Mints Spearmint 17g,AULS.SYD912,confectionary,7,0.020047953529871817,0.021017060908266716,0.047619047619047616,0.13,0.07285714285714286,0.3333333333333333,0.91,0.51
AULS503881-Coco Pops Pot,AULS.SYD912,confectionary,7,0.01490745262477648,0.016071870106321603,0.0,0.0,0.0,0.0,0.0,0.0
AULS500139-OTEP Legume&Nut Lemon&C'Nut,AULS.SYD912,confectionary,7,0.12476730053938544,0.1326959531855271,0.3333333333333333,1.415714285714286,0.8047619047619047,2.333333333333333,9.910000000000002,5.633333333333333
AULS488168-CAD Coco Rough 45g,AULS.SYD912,confectionary,7,0.0395818569692341,0.03557790049177176,0.75,1.6724999999999999,0.8324999999999998,5.25,11.7075,5.827499999999999
AULS316847-Extra White Bottle 64g,AULS.SYD912,confectionary,7,0.3996739453711626,0.42398142806121064,0.8947368421052632,5.125789473684211,2.906842105263158,6.2631578947368425,35.88052631578948,20.347894736842104
AULS494624-HL CHOC MACHA PROBIOTIC BALL,AULS.SYD912,confectionary,7,0.011125512673170624,0.0101651144262205,0.0,0.0,0.0,0.0,0.0,0.0
AULS494623-HL CHOC BROWNIE PROT BALL,AULS.SYD912,confectionary,7,0.013328584489640055,0.01428610676117476,0.0,0.0,0.0,0.0,0.0,0.0
AULS505070-NB Nut Butter Bar Peanut & Cho,AULS.SYD912,confectionary,7,0.03333982015590405,0.03653946536992775,0.1111111111111111,0.5044444444444445,0.29555555555555557,0.7777777777777777,3.5311111111111115,2.068888888888889
AULS484480-Be Kind Hny Rstd Nut&SSalt 40g,AULS.SYD913,confectionary,7,0.023587780579816146,0.028097395165877427,0.0,0.0,0.0,0.0,0.0,0.0
AULS491352-Cookie+Prot. Oatml Raisin 113g,AULS.SYD913,confectionary,7,0.19160454426244394,0.21420592551546977,0.3181818181818182,1.444090909090909,0.8713636363636365,2.227272727272727,10.108636363636364,6.0995454545454555
AULS500140-OTEP Nut&Veggie Sw Chilli 70g,AULS.SYD913,confectionary,7,0.20173620840410997,0.21303112153640866,0.5333333333333333,2.2653333333333334,1.2893333333333337,3.7333333333333334,15.857333333333333,9.025333333333336
AULS193403-Paddle Pop Chocolate 70ml,AULS.SYD913,confectionary,7,0.03456375006662098,0.03162180710306066,0.42857142857142855,0.7014285714285714,0.3457142857142857,3.0,4.91,2.42
AULS505162-BD Protein Cookie Dough 60g,AULS.SYD913,confectionary,7,0.42130836722427767,0.3775036786049595,0.7222222222222222,3.603888888888889,1.7405555555555556,5.055555555555555,25.227222222222224,12.18388888888889
AULS487109-CAD Twirl Bites Bag 109g,AULS.PER102,confectionary,7,0.15702598602672033,0.1614272211582147,0.2777777777777778,1.5677777777777777,0.8816666666666666,1.9444444444444446,10.974444444444444,6.171666666666666
AULS501836-Eclipse Mint Peppermint 17g,AULS.PER102,confectionary,7,0.03755229216480593,0.04251160303804569,0.4,1.3,0.82,2.8000000000000003,9.1,5.739999999999999
AULS473137-Arnott Bites TimTam Gift Box,AULS.PER102,confectionary,7,0.34761782131327784,0.275375847858131,0.4666666666666667,5.086666666666668,2.5200000000000005,3.2666666666666666,35.606666666666676,17.640000000000004
AULS500111-Hershey's Cookie&C Crunch 184g,AULS.PER102,confectionary,7,0.1299580387019823,0.13147918465374955,0.16666666666666666,1.3583333333333334,0.75,1.1666666666666665,9.508333333333333,5.25
AULS316281-Cheetos C&B Balls 100g,AULS.PER102,confectionary,7,0.025632827878949268,0.029290640581196428,0.0625,0.19875,0.123125,0.4375,1.39125,0.861875
AULS421516-DL Liqu Stix Straw White Choc,AULS.PER102,confectionary,7,0.018018721930458892,0.013805314388643705,0.0,0.0,0.0,0.0,0.0,0.0
AULS425903-Skittles Sours Box 45g,AULS.PER102,confectionary,7,0.04305358337366285,0.05288384982739705,0.13636363636363635,0.3681818181818182,0.2468181818181818,0.9545454545454545,2.5772727272727276,1.7277272727272726
AULS484412-Mentos Fruit Fusions Rol 37.5g,AULS.PER102,confectionary,7,0.11839735427757285,0.15426890999373286,0.6111111111111112,1.6500000000000001,1.1733333333333336,4.277777777777779,11.55,8.213333333333335
AULS421981-Clif Chocolate Chip 68g,AULS.PER102,confectionary,7,0.014391058886937305,0.014827930269283978,0.0,0.0,0.0,0.0,0.0,0.0
AULS346143-DL Milk Choc Honeycomb 120g,AULS.PER102,confectionary,7,0.10807246715370368,0.08495016208461707,0.3333333333333333,1.506,0.646,2.333333333333333,10.542,4.522
AULS498031-Haribo Goldbears Cup 220g,AULS.PER103,confectionary,7,0.02722337076284408,0.025543765790822334,0.5,3.17,1.85,3.5,22.189999999999998,12.950000000000001
AULS471842-Yowie 28g,AULS.PER108,confectionary,7,0.02893161896132016,0.024804235269249967,0.0,0.0,0.0,0.0,0.0,0.0
AULS478546-TNCC Rainbow Grdn Friends 180g,AULS.PER108,confectionary,7,0.13077091770516716,0.1407370740277009,0.2222222222222222,1.0044444444444443,0.5799999999999998,1.5555555555555554,7.03111111111111,4.059999999999999
AULS492364-TIC TAC Gum Tropical 23.3g,AULS.PER108,confectionary,7,0.12116562021000883,0.12488393235561504,0.23809523809523808,0.8252380952380951,0.4538095238095238,1.6666666666666665,5.7766666666666655,3.1766666666666663
AULS505162-BD Protein Cookie Dough 60g,AULS.PER108,confectionary,7,0.08662126717019257,0.07797157434638144,0.13333333333333333,0.6653333333333333,0.32133333333333336,0.9333333333333333,4.657333333333334,2.2493333333333334
AULS481877-BD Paleo Banana Bread 45g,AULS.PER108,confectionary,7,0.026269910016878714,0.027068969793833657,0.0,0.0,0.0,0.0,0.0,0.0
AULS505161-BD Protein Peanut Butter 60g,AULS.PER108,confectionary,7,0.05774751144679505,0.051981049564254284,0.0625,0.311875,0.150625,0.4375,2.183125,1.054375
AULS473530-RRD Nuts Sw Chilli&Basil 150g,AULS.PER109,confectionary,7,0.40863560479587197,0.3181007226255823,0.5,2.0157142857142856,0.9257142857142856,3.5,14.11,6.4799999999999995
AULS473145-JCs Vitality Snack Pack 30g,AULS.PER109,confectionary,7,0.09940810441645169,0.04257030517988631,0.2631578947368421,0.4136842105263159,0.10473684210526324,1.8421052631578947,2.895789473684211,0.7331578947368427
AULS483773-PL Snack Dept Energy Mix,AULS.PER109,confectionary,7,0.09106085900743664,-0.006845476209830946,0.4,0.36,-0.01599999999999997,2.8000000000000003,2.52,-0.11199999999999978
AULS481851-HL SALTED CARAMEL PROTBALL,AULS.PER109,confectionary,7,0.14885920979410128,0.15231184566873882,0.1111111111111111,0.4283333333333333,0.25611111111111107,0.7777777777777777,2.998333333333333,1.7927777777777774
AULS494626-HL ESPRESSO HEMP ENR BALL,AULS.PER201,confectionary,7,0.009419902832813612,0.008007829003865376,0.05555555555555555,0.1766666666666667,0.09055555555555558,0.38888888888888884,1.2366666666666668,0.6338888888888891
AULS501837-Eclipse Mints Spearmint 17g,AULS.PER201,confectionary,7,0.06739081429135524,0.07049837190519517,0.45454545454545453,1.4772727272727273,0.9318181818181818,3.1818181818181817,10.340909090909092,6.5227272727272725
AULS500133-Sunbites W/Grain Chd&Must 90g,AULS.PER201,confectionary,7,0.04016788755124294,0.03669845561894132,0.14285714285714285,0.6457142857142857,0.35571428571428576,1.0,4.52,2.49
AULS495828-TNCC Snakes Reduced Sugar 260g,AULS.PER201,confectionary,7,0.048254785266205566,0.039793506092827946,1.0,5.43,2.7,7.0,38.01,18.900000000000002
AULS491353-Cookie+Prot. Choc Chip 113g,AULS.PER201,confectionary,7,0.08066162079796056,0.08071695124755097,0.7142857142857143,3.241428571428571,1.9557142857142857,5.0,22.689999999999998,13.69
AULS500111-Hershey's Cookie&C Crunch 184g,AULS.PER201,confectionary,7,0.12074064134134678,0.11058664470982182,0.10526315789473684,0.8578947368421053,0.47368421052631576,0.7368421052631579,6.005263157894737,3.31578947368421
AULS418020-Whitt Almond Mini Slabs 180g,AULS.PER201,confectionary,7,0.12885716139226167,0.10012242644096708,0.45454545454545453,3.2954545454545454,1.5436363636363637,3.1818181818181817,23.068181818181817,10.805454545454547
AULS486979-RRD Popcorn Maple Btr&Salt 96g,AULS.PER201,confectionary,7,0.01481116797612203,0.015868274651831386,0.05555555555555555,0.2777777777777778,0.17944444444444443,0.38888888888888884,1.9444444444444446,1.256111111111111
AULS491351-Cookie+Prot. Pnut Btr 113g,AULS.PER202,confectionary,7,0.14489747067741165,0.13461197039596587,0.1,0.454,0.254,0.7000000000000001,3.178,1.778
AULS135216-Twirl King Size 58g,AULS.PER202,confectionary,7,0.05760791510412511,0.057766554225040484,0.05555555555555555,0.20055555555555554,0.12111111111111111,0.38888888888888884,1.4038888888888887,0.8477777777777777
AULS438908-PEZ Star Wars 17g,AULS.PER202,confectionary,7,0.14425915582861243,0.1335520336211945,0.047619047619047616,0.21523809523809523,0.12,0.3333333333333333,1.5066666666666666,0.84
AULS487109-CAD Twirl Bites Bag 109g,AULS.PER301,confectionary,7,0.06083122575192189,0.057547710099946435,0.25,1.3225,0.705,1.75,9.2575,4.935
AULS488167-M&M Fruit&Nut Choc Block 155g,AULS.PER301,confectionary,7,0.017318110822839,-0.002678785863400396,0.05555555555555555,0.17666666666666667,-0.016111111111111114,0.38888888888888884,1.2366666666666666,-0.1127777777777778
AULS484480-Be Kind Hny Rstd Nut&SSalt 40g,AULS.PER301,confectionary,7,0.09595758260956701,0.10364130133569806,0.14285714285714285,0.6457142857142857,0.41714285714285704,1.0,4.52,2.919999999999999
AULS316322-Europe Summer Roll 40g,AULS.PER301,confectionary,7,0.06077676628392553,0.06133495907923665,0.16666666666666666,0.48444444444444446,0.2961111111111111,1.1666666666666665,3.391111111111111,2.0727777777777776
AULS484477-Be Kind Pnut Bttr Drk Choc 40g,AULS.PER301,confectionary,7,0.06420771276769552,0.06456797650058194,0.10526315789473684,0.3826315789473684,0.2142105263157894,0.7368421052631579,2.678421052631579,1.4994736842105258
AULS193402-Golden Gaytime 105ml,AULS.PER301,confectionary,7,0.046508385668882074,0.045262243898834265,0.1,0.42699999999999994,0.24499999999999997,0.7000000000000001,2.9889999999999994,1.7149999999999999
AULS436794-Kit Kat MintChoc Whirl MED 45g,AULS.PER301,confectionary,7,0.017154732418849947,0.01588797132775407,0.0,0.0,0.0,0.0,0.0,0.0
AULS447005-Cornetto Vanilla 110ml,AULS.PER301,confectionary,7,0.25732098628274924,0.1939810452807183,1.1428571428571428,2.1561904761904764,0.9561904761904761,8.0,15.093333333333335,6.693333333333333
AULS491345-Allens Frosty Fruits 170g,AULS.PER301,confectionary,7,0.012253380299178534,0.003417761273993609,0.0,0.0,0.0,0.0,0.0,0.0
AULS493907-BSC HP Peanut Caramel Bar 60g,AULS.PER301,confectionary,7,0.0256504094262804,0.019398104528071832,0.0,0.0,0.0,0.0,0.0,0.0
AULS421982-Clif Crunchy Peanut Butter 68g,AULS.PER301,confectionary,7,0.019659867946682005,0.01875150104380277,0.0,0.0,0.0,0.0,0.0,0.0
AULS495761-Mondo Mac&Honey Gift Pk 225g,AULS.PER301,confectionary,7,0.2623857168064097,0.251066895749044,0.09090909090909091,2.19,1.2354545454545454,0.6363636363636364,15.33,8.648181818181818
AULS504591-HL PROBIOTIC Mixed Berry Balls,AULS.PER302,confectionary,7,0.022291879770997607,0.022475059176114472,0.05263157894736842,0.21368421052631578,0.13210526315789473,0.3684210526315789,1.4957894736842106,0.9247368421052631
AULS126943-Fruchocs Milk 150g,AULS.PER302,confectionary,7,0.01740523617587744,0.01705776403605501,0.0,0.0,0.0,0.0,0.0,0.0
AULS500137-OTEP Pea & Pinto Sticks Onion,AULS.PER302,confectionary,7,0.06204390182568299,0.06411212099640623,0.23529411764705882,1.0635294117647058,0.6982352941176471,1.6470588235294117,7.444705882352941,4.8876470588235295
AULS504592-HL COLLAGEN Choc SeaSalt Balls,AULS.PER302,confectionary,7,0.033437819656496406,0.04065209906755366,0.2,0.8119999999999999,0.6569999999999999,1.4000000000000001,5.683999999999999,4.598999999999999
AULS436256-SS Bare Double Choc 40g,AULS.PER302,confectionary,7,0.07104850350657857,0.05247165210041067,0.625,2.32625,1.06375,4.375,16.283749999999998,7.44625
AULS488170-Craisins Greek Milk Choc 85g,AULS.PER302,confectionary,7,0.013644167790869223,0.01262543164873363,0.0,0.0,0.0,0.0,0.0,0.0
AULS490343-SS Love Bites Chc&Sltd Cara,AULS.PER302,confectionary,7,0.009910552459766178,0.009133290979934967,0.0,0.0,0.0,0.0,0.0,0.0
AULS498028-Milkybar Block 180g,AULS.PER302,confectionary,7,0.019903464081247862,0.01804272678879309,0.0,0.0,0.0,0.0,0.0,0.0
AULS470775-Tic Tac Berries 24g,AULS.PER302,confectionary,7,0.04208553163662478,0.04154751975186102,0.21052631578947367,0.6410526315789473,0.3863157894736842,1.4736842105263157,4.487368421052631,2.7042105263157894
AULS495765-Mondo Cherry Bar 45g,AULS.PER302,confectionary,7,0.019711292703911674,0.017818871617716253,0.05,0.1795,0.0995,0.35000000000000003,1.2565,0.6965
AULS332584-Mondo Honey Alm Nougat 165g,AULS.PER302,confectionary,7,0.08219444339207738,0.07584213196083252,0.05,0.7485,0.42350000000000004,0.35000000000000003,5.2395000000000005,2.9645
AULS495763-Mondo Salted Caramel Bar 45g,AULS.PER304,confectionary,7,0.40470221131993794,0.3900897598497665,0.42857142857142855,1.5385714285714287,0.8528571428571426,3.0,10.770000000000001,5.969999999999999
AULS449772-Munch Cashew Raspberry 140g,AULS.ADL101,confectionary,7,0.049017927329569486,0.046678000892545875,0.0,0.0,0.0,0.0,0.0,0.0
AULS491345-Allens Frosty Fruits 170g,AULS.ADL101,confectionary,7,0.054370805283350684,0.05156063696917201,0.09523809523809523,0.43047619047619046,0.25142857142857145,0.6666666666666666,3.013333333333333,1.7600000000000002
AULS421982-Clif Crunchy Peanut Butter 68g,AULS.ADL101,confectionary,7,0.021712235295674336,0.01972584974956959,0.0,0.0,0.0,0.0,0.0,0.0
AULS425904-Werthers Cream Candies S.Free,AULS.ADL101,confectionary,7,0.16239067949673328,0.15917393609801211,1.125,3.0375,1.8337500000000002,7.875,21.2625,12.836250000000001
AULS500135-Nobby's Loaded Nacho Cheese,AULS.ADL101,confectionary,7,0.032658569987676356,0.031932439941134934,0.0,0.0,0.0,0.0,0.0,0.0
AULS473530-RRD Nuts Sw Chilli&Basil 150g,AULS.ADL102,confectionary,7,0.004496807266840543,0.003484786534930788,0.0,0.0,0.0,0.0,0.0,0.0
AULS487109-CAD Twirl Bites Bag 109g,AULS.ADL102,confectionary,7,0.03878908566604752,0.03732917932182405,0.2727272727272727,1.6036363636363637,0.9299999999999998,1.909090909090909,11.225454545454546,6.509999999999999
AULS502391-RRD PC STEAK & CHIMICHURRI 80G,AULS.ADL102,confectionary,7,0.03975661387993985,0.040686251166992975,0.7777777777777778,3.114444444444444,1.9166666666666667,5.444444444444445,21.80111111111111,13.416666666666668
AULS481541-Justice League Candy Collect.,AULS.ADL102,confectionary,7,0.004496807266840543,0.004342299451903286,0.0,0.0,0.0,0.0,0.0,0.0
AULS481543-HW Candy Collection Wheel,AULS.ADL102,confectionary,7,0.011247515486498473,0.009323172352615879,0.1,0.409,0.238,0.7000000000000001,2.863,1.666
AULS483745-PL Sweet Dept Party Mix 130g,AULS.ADL102,confectionary,7,0.11642223019211372,0.1139032583119001,2.6666666666666665,6.877999999999999,4.051333333333333,18.666666666666664,48.145999999999994,28.359333333333332
AULS437858-M&M Candy Tin 200g,AULS.ADL102,confectionary,7,0.06974998851060245,0.053457720143179115,0.23529411764705882,2.1323529411764706,1.0241176470588234,1.6470588235294117,14.926470588235293,7.168823529411764
AULS506953-CAD Caramilk Block 180g,AULS.ADL102,confectionary,7,0.08774821221675887,0.06985993529973818,1.8333333333333333,12.393333333333336,6.050000000000002,12.833333333333332,86.75333333333336,42.35000000000001
AULS100218-Ferrero Rocher T16 200g,AULS.ADL102,confectionary,7,0.035072897753597385,0.02780531245672524,0.08333333333333333,1.3991666666666667,0.705,0.5833333333333333,9.794166666666667,4.935
AULS316315-Picnic King Size 67g,AULS.ADL104,confectionary,7,0.07762922561099611,0.08085867769109084,0.1,0.397,0.26,0.7000000000000001,2.779,1.82
AULS480834-Ironman Protein Triple Cho 65g,AULS.ADL104,confectionary,7,0.03389353259254238,0.026330902735303936,0.0,0.0,0.0,0.0,0.0,0.0
AULS500643-AUWILD BEEF CHILLI 75G,AULS.ADL104,confectionary,7,0.24872638533296487,0.25159488558497106,0.15384615384615385,1.956923076923077,1.2338461538461538,1.076923076923077,13.698461538461538,8.636923076923077
AULS504591-HL PROBIOTIC Mixed Berry Balls,AULS.ADL114,confectionary,7,0.02572140299483291,0.026087923577974306,0.0,0.0,0.0,0.0,0.0,0.0
AULS481877-BD Paleo Banana Bread 45g,AULS.ADL114,confectionary,7,0.12657971227506445,0.10216903935119023,1.0,4.54,2.5100000000000002,7.0,31.78,17.57
AULS241276-Jelichocs Turkish Delight 150g,AULS.ADL114,confectionary,7,0.16066373890368538,0.16297157039945703,0.3,1.902,1.176,2.1,13.314,8.232
AULS502422-Menz Friendz Bananas 140g,AULS.ADL114,confectionary,7,0.07773438786862065,0.1275294112755955,0.16666666666666666,0.6816666666666666,0.6816666666666666,1.1666666666666665,4.7716666666666665,4.7716666666666665
